{
    "degree": [
        2,
        3,
        4,
        5
    ],
    "num_records": [
        100,
        100,
        100,
        100
    ],
    "insertion_time": [
        0.0968782901763916,
        0.09131503105163574,
        0.08586573600769043,
        0.09207320213317871
    ],
    "search_time": [
        0.0005419254302978516,
        0.00047898292541503906,
        0.00036907196044921875,
        0.0007984638214111328
    ],
    "deletion_time": [
        4.76837158203125e-07,
        2.384185791015625e-07,
        4.76837158203125e-07,
        0.0
    ]
}